Aurora Optima|aurora optima,optima
Benu Euphoria|benu euphoria,euphoria
Caran d'Ache|caran d'ache,cda
Classic Pens LB5|classic pens lb5,lb5
Conid Kingsize|conid kingsize,kingsize
Diplomat Excellence|diplomat excellence,excellence
Diplomat Magnum|diplomat magnum,magnum
Gravitas Pocket|gravitas pocket,pocket
Jinhao 993 Shark|993 shark,jinhao 993,shark pen
Kaweco AL Sport|al sport,kaweco al sport
Kaweco Sport|kaweco sport,sport fp
Lamy 2000|l2k,lamy 2000
Lamy AL-star|al-star pen,lamy al-star
Lamy CP1|cp1 fountain,lamy cp1
Lamy Dialog|dialog,dialog 3,dialog cc,lamy dialog
Lamy Joy|joy calligraphy,lamy joy
Lamy Safari|lamy safari,safari fp
Lamy Vista|lamy vista,vista demonstrator
Leonardo Dodici|dodici 12,leonardo dodici
Montblanc 146|mb146,meisterstuck 146
Montblanc 149|mb149,meisterstuck 149
Monteverde SUPERMEGA|monteverde supermega,supermega pen
Nahvalur Nautilus|nahvalur nautilus,narwhal nautilus
Nakaya DF2|df2 urushi,nakaya df2
Namiki Emperor|emperor maki-e,namiki emperor
Namiki Yukari|namiki yukari,yukari raden
Omas Paragon|omas paragon,paragon celluloid
Onoto Spitfire|onoto spitfire,spitfire lever
Opus 88|opus 88 eyedropper
Parker 51|p51 vacumatic,parker 51
Parker Sonnet|parker sonnet,sonnet gold
Pelikan M1000|pelikan m1000,souveran m1000
Pelikan M200|m200 steel,pelikan m200
Pelikan M400|pelikan m400,souveran m400
Pelikan M600|pelikan m600,souveran m600
Pelikan M800|pelikan m800,souveran m800
Pelikan Tradition 200|pelikan tradition,tradition 200
Pilot Custom 74|custom 74,pc74
Pilot Custom 823|custom 823,pc823
Pilot Custom Heritage 92|ch92,custom heritage 92
Pilot E95S|e95s inlaid,pilot e95s
Pilot Iroshizuku|iroshizuku ink
Pilot Kakuno|kakuno smile,pilot kakuno
Pilot Metropolitan|metro mr,pilot metropolitan
Pilot Prera|pilot prera,prera demo
Pilot Vanishing Point|capless vp,pilot vanishing point
Pilot Vanishing Point Nib Unit|capless nib,vp nib unit
Pilot Varsity|pilot varsity,varsity disposable
Platinum 3776|3776 century,platinum 3776
Platinum Plaisir|plaisir grip,platinum plaisir
Platinum Preppy|platinum preppy,preppy highlighter
Private Reserve|pr ink,private reserve ink
Rohrer & Klingner|r&k ink,rohrer klingner
Sailor 1911|1911 profit,sailor 1911
Sailor Pro Gear|pro gear slim,sailor pro gear
TWSBI Diamond 580AL|diamond 580 al,twsbi 580al
TWSBI Eco|eco demonstrator,twsbi eco
TWSBI GO|go piston,twsbi go
Taccia Covenant|covenant maki-e,taccia covenant
Visconti Homo Sapiens|homo sapiens lava,visconti homo sapiens
Visconti Watermark|visconti watermark,watermark overlay
Waterman|waterman carene,waterman hemisphere
